Country,City,Type of Destination,Activities,Who are you travelling with,Climate,Image URL,Description
USA,New York,cities,shopping,single,temperate,https://images.pexels.com/photos/1486222/pexels-photo-1486222.jpeg?auto=compress&cs=tinysrgb&w=1260&h=750&dpr=2,"Experience the energy and excitement of world-class shopping, iconic landmarks, and diverse cultural offerings."
France,Paris,cities,cultural experiences,couple,temperate,https://images.pexels.com/photos/2082103/pexels-photo-2082103.jpeg?auto=compress&cs=tinysrgb&w=1260&h=750&dpr=2,Romance and elegance meet timeless art and historic charm.
Japan,Tokyo,cities,shopping,family,temperate,https://images.pexels.com/photos/2614818/pexels-photo-2614818.jpeg?auto=compress&cs=tinysrgb&dpr=2&h=650&w=940,Immerse yourself in a vibrant mix of traditional culture and cutting-edge technology in bustling streets and markets.
Italy,Rome,historical sites,cultural experiences,friends,temperate,https://images.pexels.com/photos/753639/pexels-photo-753639.jpeg?auto=compress&cs=tinysrgb&dpr=2&h=650&w=940,Walk through history where ancient ruins and Renaissance art create a captivating cultural landscape.
Spain,Barcelona,cities,shopping,group,temperate,https://images.pexels.com/photos/1388030/pexels-photo-1388030.jpeg?auto=compress&cs=tinysrgb&dpr=2&h=650&w=940,"Enjoy an eclectic blend of modernist architecture, vibrant street life, and Mediterranean charm."
Australia,Sydney,cities,adventure sports,single,temperate,https://images.pexels.com/photos/1878293/pexels-photo-1878293.jpeg?auto=compress&cs=tinysrgb&w=1260&h=750&dpr=2,"Explore stunning beacheses and iconic landmarks, perfect for adventure sports enthusiasts."
Brazil,Rio de Janeiro,cities,adventure sports,couple,tropical,https://images.pexels.com/photos/351283/pexels-photo-351283.jpeg?auto=compress&cs=tinysrgb&dpr=2&h=650&w=940,"Feel the lively atmosphere of carnival, beacheses, and adventure sports."
Canada,Toronto,cities,nature and wildlife,family,temperate,https://images.pexels.com/photos/1519088/pexels-photo-1519088.jpeg?auto=compress&cs=tinysrgb&dpr=2&h=650&w=940,Discover a rich cultural tapestry and nearby natural wonders with diverse wildlife experiences.
China,Beijing,cities,cultural experiences,friends,temperate,https://images.pexels.com/photos/1434580/pexels-photo-1434580.jpeg?auto=compress&cs=tinysrgb&dpr=2&h=650&w=940,"Where ancient traditions meet modern marvels, providing a deep dive into cultural heritage."
Germany,Berlin,cities,shopping,group,temperate,https://images.pexels.com/photos/1128408/pexels-photo-1128408.jpeg?auto=compress&cs=tinysrgb&dpr=2&h=650&w=940,Explore a vibrant art scene and historic sites along with excellent shopping districts.
India,Delhi,cities,cultural experiences,single,hot,https://images.pexels.com/photos/1542620/pexels-photo-1542620.jpeg?auto=compress&cs=tinysrgb&dpr=2&h=650&w=940,A cities of contrasts offering a rich tapestry of cultural experiences and historical landmarks.
Mexico,Cancun,beaches,relaxation and wellness,couple,tropical,https://images.pexels.com/photos/20210508/pexels-photo-20210508/free-photo-of-hotels-and-resorts-on-sea-coast-in-cancun.jpeg?auto=compress&cs=tinysrgb&w=1260&h=750&dpr=2,Relax in a tropical paradise known for beautiful beacheses and wellness resorts.
Russia,Moscow,cities,cultural experiences,family,cold,https://images.pexels.com/photos/236294/pexels-photo-236294.jpeg?auto=compress&cs=tinysrgb&dpr=2&h=650&w=940,Grand architecture and historical significance offering a rich cultural experience.
Thailand,Bangkok,beaches,relaxation and wellness,friends,tropical,https://images.pexels.com/photos/1031659/pexels-photo-1031659.jpeg?auto=compress&cs=tinysrgb&w=1260&h=750&dpr=2,A cities of contrasts where bustling markets and serene temples offer a unique blend of relaxation and adventure.
United Kingdom,London,cities,shopping,group,temperate,https://images.pexels.com/photos/460672/pexels-photo-460672.jpeg?auto=compress&cs=tinysrgb&dpr=2&h=650&w=940,"Global metropolis offering unparalleled shopping, theatre, and cultural landmarks."
Turkey,Istanbul,historical sites,cultural experiences,single,temperate,https://images.pexels.com/photos/1549326/pexels-photo-1549326.jpeg?auto=compress&cs=tinysrgb&dpr=2&h=650&w=940,"Where East meets West, providing a rich cultural experience with historical sitess and vibrant markets."
Egypt,Cairo,historical sites,cultural experiences,couple,hot,https://images.pexels.com/photos/3290075/pexels-photo-3290075.jpeg?auto=compress&cs=tinysrgb&dpr=2&h=650&w=940,"Home to ancient wonders and bustling bazaars, offering a deep dive into rich cultural heritage."
Netherlands,Amsterdam,cities,cultural experiences,family,temperate,https://images.pexels.com/photos/1414467/pexels-photo-1414467.jpeg?auto=compress&cs=tinysrgb&dpr=2&h=650&w=940,Picturesque canals and world-class museums offer a unique cultural experience.
Greece,Athens,historical sites,cultural experiences,friends,temperate,https://images.pexels.com/photos/951539/pexels-photo-951539.jpeg?auto=compress&cs=tinysrgb&dpr=2&h=650&w=940,The cradle of Western civilization provides an immersive cultural experience through ancient ruins and vibrant street life.
South Africa,Cape Town,countryside,nature and wildlife,group,temperate,https://images.pexels.com/photos/259447/pexels-photo-259447.jpeg?auto=compress&cs=tinysrgb&dpr=2&h=650&w=940,Stunning natural beauty offering diverse wildlife experiences and scenic landscapes.
Argentina,Buenos Aires,cities,food and dining,single,temperate,https://images.pexels.com/photos/1060803/pexels-photo-1060803.jpeg?auto=compress&cs=tinysrgb&dpr=2&h=650&w=940,Renowned for tango culture and vibrant food scene.
Switzerland,Zurich,mountains,relaxation and wellness,couple,cold,https://images.pexels.com/photos/417378/pexels-photo-417378.jpeg?auto=compress&cs=tinysrgb&dpr=2&h=650&w=940,Picturesque cities known for wellness and relaxation opportunities amidst stunning alpine scenery.
Indonesia,Bali,beaches,nature and wildlife,family,tropical,https://images.pexels.com/photos/2166559/pexels-photo-2166559.jpeg?auto=compress&cs=tinysrgb&dpr=2&h=650&w=940,"Tropical paradise offering serene beacheses, lush landscapes, and rich cultural heritage."
Malaysia,Kuala Lumpur,cities,shopping,friends,tropical,https://images.pexels.com/photos/22804/pexels-photo.jpg?auto=compress&cs=tinysrgb&dpr=2&h=650&w=940,Bustling metropolis offering a mix of cultural experiences and modern attractions.
Vietnam,Hanoi,cities,food and dining,group,tropical,https://images.pexels.com/photos/1483778/pexels-photo-1483778.jpeg?auto=compress&cs=tinysrgb&dpr=2&h=650&w=940,Rich culinary traditions offering vibrant street food and a lively dining scene.
South Korea,Seoul,cities,shopping,single,temperate,https://images.pexels.com/photos/237211/pexels-photo-237211.jpeg?auto=compress&cs=tinysrgb&dpr=2&h=650&w=940,Dynamic cities blending ancient palaces with modern shopping and cultural districts.
Singapore,Singapore,cities,shopping,couple,tropical,https://images.pexels.com/photos/777059/pexels-photo-777059.jpeg?auto=compress&cs=tinysrgb&dpr=2&h=650&w=940,"Known for clean streets, vibrant shopping districts, and cultural diversity."
Portugal,Lisbon,cities,shopping,family,temperate,https://images.pexels.com/photos/2867883/pexels-photo-2867883.jpeg?auto=compress&cs=tinysrgb&w=1260&h=750&dpr=2,Scenic beauty and rich history offering excellent shopping and cultural experiences.
Sweden,Stockholm,countryside,nature and wildlife,friends,cold,https://images.pexels.com/photos/1529040/pexels-photo-1529040.jpeg?auto=compress&cs=tinysrgb&dpr=2&h=650&w=940,"Known for stunning archipelago and innovative design, offering a unique shopping experience."
Norway,Oslo,countryside,nature and wildlife,group,cold,https://images.pexels.com/photos/19389145/pexels-photo-19389145/free-photo-of-view-of-the-havnelageret-building-in-oslo-norway.jpeg?auto=compress&cs=tinysrgb&w=1260&h=750&dpr=2,"Surrounded by fjords and forests, offering a blend of natural beauty and urban sophistication."
Denmark,Copenhagen,cities,shopping,single,cold,https://images.pexels.com/photos/416024/pexels-photo-416024.jpeg?auto=compress&cs=tinysrgb&dpr=2&h=650&w=940,"Fairy tales and charming canals, historic architecture, and excellent shopping."
New Zealand,Auckland,countryside,adventure sports,couple,temperate,https://images.pexels.com/photos/24827278/pexels-photo-24827278/free-photo-of-sky-tower-in-auckland-central-business-district.jpeg?auto=compress&cs=tinysrgb&w=1260&h=750&dpr=2,Gateway to natural wonders offering thrilling adventure sports and scenic landscapes.
Peru,Lima,historical sites,adventure sports,family,temperate,https://images.pexels.com/photos/259967/pexels-photo-259967.jpeg?auto=compress&cs=tinysrgb&w=1260&h=750&dpr=2,cities of history and gastronomy offering a unique blend of cultural experiences and adventure sports.
Chile,Santiago,countryside,adventure sports,friends,temperate,https://images.pexels.com/photos/3874262/pexels-photo-3874262.jpeg?auto=compress&cs=tinysrgb&w=1260&h=750&dpr=2,"Nestled between the Andes and the Pacific, offering stunning landscapes and outdoor adventure activities."
Colombia,Bogota,cities,nature and wildlife,group,tropical,https://images.pexels.com/photos/8264590/pexels-photo-8264590.jpeg?auto=compress&cs=tinysrgb&w=1260&h=750&dpr=2,Rich in culture and history offering diverse wildlife and nature experiences.
United Arab Emirates,Dubai,cities,shopping,single,hot,https://images.pexels.com/photos/162031/dubai-tower-arab-khalifa-162031.jpeg?auto=compress&cs=tinysrgb&dpr=2&h=650&w=940,"cities of superlatives offering luxury shopping, modern architecture, and desert adventures."
Morocco,Marrakech,historical sites,adventure sports,couple,hot,https://images.pexels.com/photos/3889843/pexels-photo-3889843.jpeg?auto=compress&cs=tinysrgb&dpr=2&h=650&w=940,Vibrant markets and historic palaces offering an immersive cultural experience.
Saudi Arabia,Riyadh,historical sites,cultural experiences,family,hot,https://images.pexels.com/photos/1885719/pexels-photo-1885719.jpeg?auto=compress&cs=tinysrgb&dpr=2&h=650&w=940,"Blending tradition and modernity, offering rich cultural experiences and historic sites."
Austria,Vienna,cities,cultural experiences,friends,temperate,https://images.pexels.com/photos/2351425/pexels-photo-2351425.jpeg?auto=compress&cs=tinysrgb&dpr=2&h=650&w=940,Classical music and grand architecture offering a rich cultural heritage.
Belgium,Brussels,cities,shopping,group,temperate,https://images.pexels.com/photos/2587789/pexels-photo-2587789.jpeg?auto=compress&cs=tinysrgb&w=1260&h=750&dpr=2,"Known for cuisine and cultural diversity, offering a mix of historical and modern attractions."
Czech Republic,Prague,cities,cultural experiences,single,temperate,https://images.pexels.com/photos/126292/pexels-photo-126292.jpeg?auto=compress&cs=tinysrgb&dpr=2&h=650&w=940,Fairy-tale gothic architecture and cultural landmarks offering a rich cultural experience.
Hungary,Budapest,cities,cultural experiences,couple,temperate,https://images.pexels.com/photos/732057/pexels-photo-732057.jpeg?auto=compress&cs=tinysrgb&dpr=2&h=650&w=940,Thermal baths and historic grandeur offering a vibrant cultural scene.
Poland,Krakow,cities,cultural experiences,family,temperate,https://images.pexels.com/photos/46273/pexels-photo-46273.jpeg?auto=compress&cs=tinysrgb&dpr=2&h=650&w=940,Medieval charm and cultural heritage offering a rich historical experience.
Finland,Helsinki,countryside,nature and wildlife,friends,cold,https://images.pexels.com/photos/16085560/pexels-photo-16085560/free-photo-of-christmas-lights-hanging-over-tram-on-street-in-helsinki-finland.jpeg?auto=compress&cs=tinysrgb&w=1260&h=750&dpr=2,Design and nature offering a unique blend of urban sophistication and scenic beauty.
Ireland,Dublin,cities,cultural experiences,group,temperate,https://images.pexels.com/photos/1650882/pexels-photo-1650882.jpeg?auto=compress&cs=tinysrgb&dpr=2&h=650&w=940,Literary legends and vibrant pub culture offering a rich cultural experience.
Croatia,Dubrovnik,beaches,relaxation and wellness,single,temperate,https://images.pexels.com/photos/580897/pexels-photo-580897.jpeg?auto=compress&cs=tinysrgb&dpr=2&h=650&w=940,Coastal gem with stunning views and relaxation opportunities offering a blend of history and beauty.
Israel,Tel Aviv,historical sites,cultural experiences,couple,temperate,https://images.pexels.com/photos/24902866/pexels-photo-24902866.jpeg?auto=compress&cs=tinysrgb&dpr=2&h=650&w=940,Modern cities with a vibrant cultural scene offering diverse culinary traditions and beaches relaxation.
Cuba,Havana,historical sites,cultural experiences,family,tropical,https://images.pexels.com/photos/1845870/pexels-photo-1845870.jpeg?auto=compress&cs=tinysrgb&dpr=2&h=650&w=940,"Frozen in time, offering a unique blend of colonial architecture and vibrant culture."
Philippines,Manila,beaches,relaxation and wellness,friends,tropical,https://images.pexels.com/photos/2604843/pexels-photo-2604843.jpeg?auto=compress&cs=tinysrgb&dpr=2&h=650&w=940,Bustling cities with a rich history offering a vibrant dining scene and relaxation opportunities.
Kenya,Nairobi,countryside,nature and wildlife,group,tropical,https://images.pexels.com/photos/9833516/pexels-photo-9833516.jpeg?auto=compress&cs=tinysrgb&w=1260&h=750&dpr=2,Gateway to safari adventures offering rich wildlife experiences and stunning landscapes.
Switzerland,Interlaken,mountains,adventure sports,group,Cold,https://images.pexels.com/photos/2026454/pexels-photo-2026454.jpeg?auto=compress&cs=tinysrgb&w=1260&h=750&dpr=2,"Nestled between two stunning alpine lakes, Interlaken is a paradise for outdoor enthusiasts and adventure seekers, offering breathtaking mountain views and a range of activities from hiking to paragliding."